{
  "GET_/reactions": 2.1556170906274734,
  "POST_/reactions": 2.118537586773839,
  "DELETE_/reactions": 0.8321428571428571,
  "avg_rps": 1207.7442591442373,
  "error_rps": 0.639976821453219
}
