{
  "GET_/reactions": 0.02057747079669247,
  "POST_/reactions": 0.024630108991825612,
  "DELETE_/reactions": 0.007749999999999998,
  "avg_rps": 1089.2
}
